{"kind":"ROperator","id":"00afd38010e1bcc68178e1564e1b497b","isDeleted":false,"rev":"1-2332fe6ddd431ee7e69578335490a7ff","description":"Calculate the mathamatical average of the data points in a cell.","name":"Mean","createdBy":"tsmonteiro","acl":{"kind":"Acl","owner":"tsmonteiro","aces":[]},"createdDate":{"kind":"Date","value":"2023-08-29T14:20:47.231493Z"},"lastModifiedDate":{"kind":"Date","value":"2023-08-29T14:20:47.231493Z"},"urls":[{"kind":"Url","uri":"https://github.com/tercen/mean_operator"}],"tags":["basic statistics"],"meta":[{"kind":"Pair","key":"runtime","value":"R-4.0"},{"kind":"Pair","key":"copyOf","value":"71f513d0c78167f62333fba5f9e5a43a"}],"url":{"kind":"Url","uri":"https://github.com/tercen/mean_operator"},"version":"1.2.0","authors":["tercen"],"isPublic":true,"properties":[],"longDescription":"","path":"5d/a3/b2/b2a35d70-ea3d-4ade-8382-d865a6a2f5ca/tercen-mean_operator-796b04f"}