{"kind":"CubeQueryTableSchema","id":"00afd38010e1bcc68178e1564e1e5bc5","isDeleted":false,"rev":"1-ea6356ab810f4a8ee1dc279f4cbb5097","description":"","name":"row","createdBy":"tsmonteiro","acl":{"kind":"Acl","owner":"tsmonteiro","aces":[]},"createdDate":{"kind":"Date","value":"2023-08-29T14:45:02.951873Z"},"lastModifiedDate":{"kind":"Date","value":"2023-08-29T14:45:02.951873Z"},"urls":[],"tags":[],"meta":[{"kind":"Pair","key":"sex.size_in_bytes","value":"112"}],"url":{"kind":"Url","uri":""},"version":"","authors":[],"isPublic":false,"projectId":"6ac11f2fe0c85de62b6822906abbe842","folderId":"","nRows":2,"columns":[{"kind":"ColumnSchema","id":"edda81c7-26f2-4331-b4db-8c1a6eac3f5d","name":"sex","type":"string","nRows":0,"size":-1,"metaData":{"kind":"ColumnSchemaMetaData","sort":[],"ascending":true,"quartiles":[],"properties":[]}}],"dataDirectory":"default/04/36/360464d8cd43449fbb84bb62751f9702","relation":{"kind":"Relation","id":"19a7941d-5b45-40a6-bb8c-dd07c5f69927"},"queryHash":"00afd38010e1bcc68178e1564e1b2dbf","queryTableType":"row","query":{"kind":"CubeQuery","relation":{"kind":"Relation","id":"93c3b510-a589-4e9f-80fb-5f16785adedf"},"colColumns":[],"rowColumns":[],"axisQueries":[],"filters":{"kind":"Filters","removeNaN":true,"namedFilters":[]},"operatorSettings":{"kind":"OperatorSettings","namespace":"","operatorRef":{"kind":"OperatorRef","name":"","version":"","operatorId":"","operatorKind":"","propertyValues":[],"url":{"kind":"Url","uri":""}},"environment":[],"operatorModel":{"kind":"OperatorModel"}},"qtHash":"","columnHash":"","rowHash":""}}