{"kind":"ComputedTableSchema","id":"00afd38010e1bcc68178e1564e1ec0a3","isDeleted":false,"rev":"1-ca1a289f6942e79ef28061a8dd7ef12e","description":"","name":"","createdBy":"tsmonteiro","acl":{"kind":"Acl","owner":"tsmonteiro","aces":[]},"createdDate":{"kind":"Date","value":"2023-08-29T14:45:16.905247Z"},"lastModifiedDate":{"kind":"Date","value":"2023-08-29T14:45:16.905247Z"},"urls":[],"tags":[],"meta":[],"url":{"kind":"Url","uri":""},"version":"","authors":[],"isPublic":false,"projectId":"6ac11f2fe0c85de62b6822906abbe842","folderId":"","nRows":200,"columns":[{"kind":"ColumnSchema","id":"a71c8355-c60d-4970-bf13-cd693a5a5b23","name":".ci","type":"int32","nRows":0,"size":-1,"metaData":{"kind":"ColumnSchemaMetaData","sort":[],"ascending":true,"quartiles":[],"properties":[]}},{"kind":"ColumnSchema","id":"0bda2f8f-eb84-4218-ab45-49a68a51c2b7","name":".ri","type":"int32","nRows":0,"size":-1,"metaData":{"kind":"ColumnSchemaMetaData","sort":[],"ascending":true,"quartiles":[],"properties":[]}},{"kind":"ColumnSchema","id":"4f756440-96a4-4c73-81f3-1122d125d8b3","name":"ds0.mean","type":"double","nRows":0,"size":-1,"metaData":{"kind":"ColumnSchemaMetaData","sort":[],"ascending":true,"quartiles":[],"properties":[]}}],"dataDirectory":"default/3d/69/693d839a231e4db18262d23d358f91ff","relation":{"kind":"Relation","id":"50845910-5074-488f-be2c-1188206a0a8b"},"query":{"kind":"CubeQuery","relation":{"kind":"SimpleRelation","id":"00afd38010e1bcc68178e1564e1abb9f","index":0},"colColumns":[{"kind":"Factor","name":"observation","type":"double"}],"rowColumns":[{"kind":"Factor","name":"sex","type":"string"}],"axisQueries":[{"kind":"CubeAxisQuery","pointSize":4,"chartType":"point","yAxis":{"kind":"Factor","name":"measurement","type":"double"},"yAxisSettings":{"kind":"AxisSettings","properties":[],"propertyValues":[]},"xAxis":{"kind":"Factor","name":"","type":"string"},"xAxisSettings":{"kind":"AxisSettings","properties":[],"propertyValues":[]},"errors":[],"labels":[],"colors":[],"preprocessors":[]}],"filters":{"kind":"Filters","removeNaN":true,"namedFilters":[]},"operatorSettings":{"kind":"OperatorSettings","namespace":"ds0","operatorRef":{"kind":"OperatorRef","name":"Mean","version":"1.2.0","operatorId":"00afd38010e1bcc68178e1564e1b497b","operatorKind":"ROperator","propertyValues":[],"url":{"kind":"Url","uri":"https://github.com/tercen/mean_operator"}},"environment":[],"operatorModel":{"kind":"OperatorModel"}},"qtHash":"00afd38010e1bcc68178e1564e1e4549","columnHash":"00afd38010e1bcc68178e1564e1e51db","rowHash":"00afd38010e1bcc68178e1564e1e5bc5"}}