{
  "kind": "Workflow",
  "id": "00afd38010e1bcc68178e1564e1a9196",
  "isDeleted": false,
  "rev": "4-239044091dff6da8738f54028f6f3224",
  "description": "",
  "name": "reference_workflow",
  "createdBy": "tsmonteiro",
  "acl": {
    "kind": "Acl",
    "owner": "tsmonteiro",
    "aces": []
  },
  "createdDate": {
    "kind": "Date",
    "value": "2023-08-29T14:19:21.604078Z"
  },
  "lastModifiedDate": {
    "kind": "Date",
    "value": "2023-08-29T14:45:20.490163Z"
  },
  "urls": [],
  "tags": [],
  "meta": [],
  "url": {
    "kind": "Url",
    "uri": ""
  },
  "version": "",
  "authors": [],
  "isPublic": false,
  "projectId": "6ac11f2fe0c85de62b6822906abbe842",
  "folderId": "",
  "links": [
    {
      "kind": "Link",
      "id": "ab6dd1a4-03b2-42eb-b258-790f8f4da8ec",
      "inputId": "66caf932-2f21-441c-b4f8-e042be9d4703-i-0",
      "outputId": "f8a28564-fd58-453c-a3f4-1111bf315f0b-o-0"
    }
  ],
  "steps": [
    {
      "kind": "TableStep",
      "id": "f8a28564-fd58-453c-a3f4-1111bf315f0b",
      "groupId": "",
      "name": "Table",
      "inputs": [],
      "outputs": [
        {
          "kind": "OutputPort",
          "id": "f8a28564-fd58-453c-a3f4-1111bf315f0b-o-0",
          "linkType": "relation",
          "name": "table"
        }
      ],
      "rectangle": {
        "kind": "Rectangle",
        "extent": {
          "kind": "Point",
          "x": 88.99000000000001,
          "y": 55.0
        },
        "topLeft": {
          "kind": "Point",
          "x": 255.505,
          "y": 122.5
        }
      },
      "state": {
        "kind": "StepState",
        "taskId": "",
        "taskState": {
          "kind": "DoneState"
        }
      },
      "model": {
        "kind": "TableStepModel",
        "relation": {
          "kind": "SimpleRelation",
          "id": "00afd38010e1bcc68178e1564e1abb9f",
          "index": 0
        }
      }
    },
    {
      "kind": "DataStep",
      "id": "66caf932-2f21-441c-b4f8-e042be9d4703",
      "groupId": "",
      "name": "Data step",
      "inputs": [
        {
          "kind": "InputPort",
          "id": "66caf932-2f21-441c-b4f8-e042be9d4703-i-0",
          "linkType": "relation",
          "name": "data"
        }
      ],
      "outputs": [
        {
          "kind": "OutputPort",
          "id": "66caf932-2f21-441c-b4f8-e042be9d4703-o-0",
          "linkType": "relation",
          "name": "data"
        }
      ],
      "rectangle": {
        "kind": "Rectangle",
        "extent": {
          "kind": "Point",
          "x": 88.99000000000001,
          "y": 55.0
        },
        "topLeft": {
          "kind": "Point",
          "x": 255.505,
          "y": 207.5
        }
      },
      "state": {
        "kind": "StepState",
        "taskId": "00afd38010e1bcc68178e1564e1e3cc9",
        "taskState": {
          "kind": "DoneState"
        }
      },
      "model": {
        "kind": "Crosstab",
        "axis": {
          "kind": "XYAxisList",
          "rectangleSelections": [],
          "xyAxis": [
            {
              "kind": "XYAxis",
              "chart": {
                "kind": "ChartPoint",
                "name": "",
                "properties": {
                  "kind": "Properties",
                  "properties": [],
                  "propertyValues": []
                },
                "pointSize": 4
              },
              "colors": {
                "kind": "Colors",
                "factors": [],
                "palette": {
                  "kind": "CategoryPalette",
                  "backcolor": 0,
                  "properties": [],
                  "colorList": {
                    "kind": "ColorList",
                    "name": ""
                  },
                  "stringColorElements": []
                }
              },
              "errors": {
                "kind": "Errors",
                "factors": []
              },
              "labels": {
                "kind": "Labels",
                "factors": []
              },
              "xAxis": {
                "kind": "Axis",
                "axisExtent": {
                  "kind": "Point",
                  "x": 80.0,
                  "y": 30.0
                },
                "axisSettings": {
                  "kind": "AxisSettings",
                  "properties": [],
                  "propertyValues": []
                },
                "graphicalFactor": {
                  "kind": "GraphicalFactor",
                  "factor": {
                    "kind": "Factor",
                    "name": "",
                    "type": "string"
                  },
                  "rectangle": {
                    "kind": "Rectangle",
                    "extent": {
                      "kind": "Point",
                      "x": 0.0,
                      "y": 0.0
                    },
                    "topLeft": {
                      "kind": "Point",
                      "x": 0.0,
                      "y": 0.0
                    }
                  }
                }
              },
              "yAxis": {
                "kind": "Axis",
                "axisExtent": {
                  "kind": "Point",
                  "x": 80.0,
                  "y": 30.0
                },
                "axisSettings": {
                  "kind": "AxisSettings",
                  "properties": [],
                  "propertyValues": []
                },
                "graphicalFactor": {
                  "kind": "GraphicalFactor",
                  "factor": {
                    "kind": "Factor",
                    "name": "measurement",
                    "type": "double"
                  },
                  "rectangle": {
                    "kind": "Rectangle",
                    "extent": {
                      "kind": "Point",
                      "x": 0.0,
                      "y": 0.0
                    },
                    "topLeft": {
                      "kind": "Point",
                      "x": 0.0,
                      "y": 0.0
                    }
                  }
                }
              },
              "taskId": "",
              "preprocessors": []
            }
          ]
        },
        "columnTable": {
          "kind": "CrosstabTable",
          "cellSize": 2.6666666666666665,
          "offset": 0,
          "graphicalFactors": [
            {
              "kind": "GraphicalFactor",
              "factor": {
                "kind": "Factor",
                "name": "observation",
                "type": "double"
              },
              "rectangle": {
                "kind": "Rectangle",
                "extent": {
                  "kind": "Point",
                  "x": 0.0,
                  "y": 30.0
                },
                "topLeft": {
                  "kind": "Point",
                  "x": 0.0,
                  "y": 0.0
                }
              }
            }
          ],
          "rectangleSelections": [],
          "nRows": 200
        },
        "filters": {
          "kind": "Filters",
          "removeNaN": true,
          "namedFilters": []
        },
        "operatorSettings": {
          "kind": "OperatorSettings",
          "namespace": "ds0",
          "operatorRef": {
            "kind": "OperatorRef",
            "name": "Mean",
            "version": "1.2.0",
            "operatorId": "00afd38010e1bcc68178e1564e1b497b",
            "operatorKind": "ROperator",
            "propertyValues": [],
            "url": {
              "kind": "Url",
              "uri": "https://github.com/tercen/mean_operator"
            }
          },
          "environment": [],
          "operatorModel": {
            "kind": "OperatorModel"
          }
        },
        "rowTable": {
          "kind": "CrosstabTable",
          "cellSize": 250.0,
          "offset": 0,
          "graphicalFactors": [
            {
              "kind": "GraphicalFactor",
              "factor": {
                "kind": "Factor",
                "name": "sex",
                "type": "string"
              },
              "rectangle": {
                "kind": "Rectangle",
                "extent": {
                  "kind": "Point",
                  "x": 80.0,
                  "y": 0.0
                },
                "topLeft": {
                  "kind": "Point",
                  "x": 0.0,
                  "y": 0.0
                }
              }
            }
          ],
          "rectangleSelections": [],
          "nRows": 2
        },
        "taskId": ""
      },
      "computedRelation": {
        "kind": "CompositeRelation",
        "id": "2faf4203-33a9-4af4-a3cb-63e0c663ca32",
        "joinOperators": [
          {
            "kind": "JoinOperator",
            "joinType": "",
            "leftPair": {
              "kind": "ColumnPair",
              "lColumns": [
                "observation",
                "sex"
              ],
              "rColumns": [
                "observation",
                "sex"
              ]
            },
            "rightRelation": {
              "kind": "RenameRelation",
              "id": "35a3226c-3034-4ba7-b09d-1b9313d770b4",
              "relation": {
                "kind": "CompositeRelation",
                "id": "59a9f2d5-cd0d-4da4-993c-51ea8a7dc663",
                "joinOperators": [
                  {
                    "kind": "JoinOperator",
                    "joinType": "",
                    "leftPair": {
                      "kind": "ColumnPair",
                      "lColumns": [
                        ".ci"
                      ],
                      "rColumns": [
                        "00afd38010e1bcc68178e1564e1e51db._rids"
                      ]
                    },
                    "rightRelation": {
                      "kind": "SimpleRelation",
                      "id": "00afd38010e1bcc68178e1564e1e51db",
                      "index": 0
                    }
                  },
                  {
                    "kind": "JoinOperator",
                    "joinType": "",
                    "leftPair": {
                      "kind": "ColumnPair",
                      "lColumns": [
                        ".ri"
                      ],
                      "rColumns": [
                        "00afd38010e1bcc68178e1564e1e5bc5._rids"
                      ]
                    },
                    "rightRelation": {
                      "kind": "SimpleRelation",
                      "id": "00afd38010e1bcc68178e1564e1e5bc5",
                      "index": 0
                    }
                  }
                ],
                "mainRelation": {
                  "kind": "SimpleRelation",
                  "id": "00afd38010e1bcc68178e1564e1ec0a3",
                  "index": 0
                }
              },
              "inNames": [
                ".ci",
                ".ri",
                "ds0.mean",
                "00afd38010e1bcc68178e1564e1ec0a3._rids",
                "00afd38010e1bcc68178e1564e1ec0a3.tlbId",
                "observation",
                "00afd38010e1bcc68178e1564e1e51db._rids",
                "00afd38010e1bcc68178e1564e1e51db.tlbId",
                "sex",
                "00afd38010e1bcc68178e1564e1e5bc5._rids",
                "00afd38010e1bcc68178e1564e1e5bc5.tlbId",
                "observation",
                "sex"
              ],
              "outNames": [
                ".ci",
                ".ri",
                "ds0.mean",
                "00afd38010e1bcc68178e1564e1ec0a3._rids",
                "00afd38010e1bcc68178e1564e1ec0a3.tlbId",
                "observation",
                "00afd38010e1bcc68178e1564e1e51db._rids",
                "00afd38010e1bcc68178e1564e1e51db.tlbId",
                "sex",
                "00afd38010e1bcc68178e1564e1e5bc5._rids",
                "00afd38010e1bcc68178e1564e1e5bc5.tlbId",
                "ds0..observation",
                "ds0..sex"
              ]
            }
          }
        ],
        "mainRelation": {
          "kind": "Relation",
          "id": "3aa516e8-4da0-460d-b2d9-94b1fb8aaf93"
        }
      },
      "parentDataStepId": ""
    }
  ],
  "offset": {
    "kind": "Point",
    "x": 0.0,
    "y": 0.0
  }
}