{"kind":"TableSchema","id":"00afd38010e1bcc68178e1564e1abb9f","isDeleted":false,"rev":"1-05ca4dded86d41d0a3ceab89a2528aa0","description":"","name":"Crabs Data.csv","createdBy":"tsmonteiro","acl":{"kind":"Acl","owner":"tsmonteiro","aces":[]},"createdDate":{"kind":"Date","value":"2023-08-29T14:19:34.690459Z"},"lastModifiedDate":{"kind":"Date","value":"2023-08-29T14:19:34.690459Z"},"urls":[{"kind":"Url","uri":"https://github.com/tercen/test_dataset"}],"tags":[],"meta":[{"kind":"Pair","key":"copyOf","value":"00afd38010e1bcc68178e1564e1aa814"}],"url":{"kind":"Url","uri":"https://github.com/tercen/test_dataset"},"version":"0.0.1","authors":[],"isPublic":false,"projectId":"6ac11f2fe0c85de62b6822906abbe842","folderId":"","nRows":1000,"columns":[{"kind":"ColumnSchema","id":"3db8a6d8-ebc8-4b38-82e8-1cef3bc2f2ce","name":"observation","type":"double","nRows":0,"size":-1,"metaData":{"kind":"ColumnSchemaMetaData","sort":[],"ascending":true,"quartiles":[],"properties":[]}},{"kind":"ColumnSchema","id":"af2e66b2-c23a-45a2-9cd0-dedc472b0eaa","name":"color","type":"string","nRows":0,"size":-1,"metaData":{"kind":"ColumnSchemaMetaData","sort":[],"ascending":true,"quartiles":[],"properties":[]}},{"kind":"ColumnSchema","id":"e2d95750-8ef9-4e2f-87a0-2de618d2e782","name":"sex","type":"string","nRows":0,"size":-1,"metaData":{"kind":"ColumnSchemaMetaData","sort":[],"ascending":true,"quartiles":[],"properties":[]}},{"kind":"ColumnSchema","id":"0acf94df-70af-4245-95d5-6c1a5714ef79","name":"variable","type":"string","nRows":0,"size":-1,"metaData":{"kind":"ColumnSchemaMetaData","sort":[],"ascending":true,"quartiles":[],"properties":[]}},{"kind":"ColumnSchema","id":"8612df7b-e335-409e-92c0-fbf5a4bdb8ae","name":"measurement","type":"double","nRows":0,"size":-1,"metaData":{"kind":"ColumnSchemaMetaData","sort":[],"ascending":true,"quartiles":[],"properties":[]}},{"kind":"ColumnSchema","id":"6079a143-4f44-4c8d-98bf-ce4b1aea01f4","name":"filename","type":"string","nRows":0,"size":-1,"metaData":{"kind":"ColumnSchemaMetaData","sort":[],"ascending":true,"quartiles":[],"properties":[]}},{"kind":"ColumnSchema","id":"90e8708c-4a42-4fa9-a7a8-c90c2d183ef7","name":".ci","type":"int32","nRows":0,"size":-1,"metaData":{"kind":"ColumnSchemaMetaData","sort":[],"ascending":true,"quartiles":[],"properties":[]}},{"kind":"ColumnSchema","id":"de88e8f4-f3d9-4de2-b270-2376a59c999c","name":"filename_of_zip","type":"string","nRows":0,"size":-1,"metaData":{"kind":"ColumnSchemaMetaData","sort":[],"ascending":true,"quartiles":[],"properties":[]}}],"dataDirectory":"default/55/68/68556f6a-c5ae-4ed9-b131-2a43f44f1338","relation":{"kind":"Relation","id":"376b5d5c-c984-492d-89e9-6af118404008"}}