{"kind":"CubeQueryTableSchema","id":"00afd38010e1bcc68178e1564e1e51db","isDeleted":false,"rev":"1-3b377c8503be7375caf57dd676fe1e60","description":"","name":"column","createdBy":"tsmonteiro","acl":{"kind":"Acl","owner":"tsmonteiro","aces":[]},"createdDate":{"kind":"Date","value":"2023-08-29T14:45:02.951873Z"},"lastModifiedDate":{"kind":"Date","value":"2023-08-29T14:45:02.951873Z"},"urls":[],"tags":[],"meta":[],"url":{"kind":"Url","uri":""},"version":"","authors":[],"isPublic":false,"projectId":"6ac11f2fe0c85de62b6822906abbe842","folderId":"","nRows":200,"columns":[{"kind":"ColumnSchema","id":"8141bc83-20ca-49dd-a240-0663a1026bdc","name":"observation","type":"double","nRows":0,"size":-1,"metaData":{"kind":"ColumnSchemaMetaData","sort":[],"ascending":true,"quartiles":[],"properties":[]}}],"dataDirectory":"default/58/73/73587bc206954340b5f572ca5d745cb9","relation":{"kind":"Relation","id":"33410d4b-9433-4fb3-9049-8a9c1aec4af9"},"queryHash":"00afd38010e1bcc68178e1564e1b2ab0","queryTableType":"column","query":{"kind":"CubeQuery","relation":{"kind":"Relation","id":"2f5bcc56-2f03-48d2-b3a4-601cea25d0bd"},"colColumns":[],"rowColumns":[],"axisQueries":[],"filters":{"kind":"Filters","removeNaN":true,"namedFilters":[]},"operatorSettings":{"kind":"OperatorSettings","namespace":"","operatorRef":{"kind":"OperatorRef","name":"","version":"","operatorId":"","operatorKind":"","propertyValues":[],"url":{"kind":"Url","uri":""}},"environment":[],"operatorModel":{"kind":"OperatorModel"}},"qtHash":"","columnHash":"","rowHash":""}}